﻿<parameters>
  <parameter name="IIS Web Application Name" defaultValue="DiscipleTracker" tags="IisApp">
    <parameterEntry kind="ProviderPath" scope="IisApp" match="^C:\\Users\\Lindani\ Mabaso\\Downloads\\DiscipleshipTracker_Latest\\Discipleship\\obj\\Release\\Package\\PackageTmp$" />
    <parameterEntry kind="ProviderPath" scope="setAcl" match="^C:\\Users\\Lindani\ Mabaso\\Downloads\\DiscipleshipTracker_Latest\\Discipleship\\obj\\Release\\Package\\PackageTmp$" />
  </parameter>
  <parameter name="Add write permission to App_Data Folder" description="Add write permission to App_Data folder" defaultValue="{IIS Web Application Name}/App_Data" tags="Hidden">
    <parameterEntry kind="ProviderPath" scope="setAcl" match="^C:\\Users\\Lindani\ Mabaso\\Downloads\\DiscipleshipTracker_Latest\\Discipleship\\obj\\Release\\Package\\PackageTmp\\App_Data$" />
  </parameter>
  <parameter name="ConnectionString-Web.config Connection String" defaultValue="Data Source=(LocalDB)\MSSQLLocalDB;AttachDbFilename=&quot;C:\Users\Lindani Mabaso\3D Objects\Discipleship\Discipleship\App_Data\bbmDatabase.mdf&quot;;Integrated Security=True;Connect Timeout=30">
    <parameterEntry kind="XmlFile" scope="C:\\Users\\Lindani\ Mabaso\\Downloads\\DiscipleshipTracker_Latest\\Discipleship\\obj\\Release\\Package\\PackageTmp\\Web\.config$" match="/configuration/connectionStrings/add[@name='ConnectionString']/@connectionString" />
  </parameter>
  <parameter name="ConnectionString-Deployment Connection String" defaultValue="Data Source=(LocalDB)\MSSQLLocalDB;AttachDbFilename=&quot;C:\Users\Lindani Mabaso\3D Objects\Discipleship\Discipleship\App_Data\bbmDatabase.mdf&quot;;Integrated Security=True;Connect Timeout=30" tags="SqlConnectionString">
    <parameterEntry kind="ProviderPath" scope="DbDacFx" match="^C:\\Users\\Lindani\ Mabaso\\Downloads\\DiscipleshipTracker_Latest\\Discipleship\\obj\\Release\\AutoScripts\\ConnectionString_IncrementalSchemaOnly\.dacpac$" />
  </parameter>
</parameters>